{
  "baseline_fp16": 1294.4351870979117,
  "baseline/FP8/simple_pt": 1269.8606389229585,
  "baseline/FP8/simple_pc": 1282.1935675150305,
  "baseline/FP8/gptq": 1283.5017936836025,
  "baseline/FP8/mixed": 1301.4653791018675,
  "baseline/FP8/adaptive": 1262.7705407871042,
  "baseline/FP8/kappa_adapt": 1307.5420923564436,
  "baseline/FP4/simple_pt": 1299.5006514338634,
  "baseline/FP4/simple_pc": 1261.6148124756198,
  "baseline/FP4/gptq": 1262.9187170649723,
  "baseline/FP4/mixed": 1277.0933656446837,
  "baseline/FP4/adaptive": 1283.0748818844188,
  "baseline/FP4/kappa_adapt": 1282.5160163164803,
  "cond_regularized_fp16": 1277.3268278434764,
  "cond_regularized/FP8/simple_pt": 1301.6902310066503,
  "cond_regularized/FP8/simple_pc": 1287.625189047239,
  "cond_regularized/FP8/gptq": 1289.2612026296397,
  "cond_regularized/FP8/mixed": 1288.1483144265706,
  "cond_regularized/FP8/adaptive": 1311.244463518112,
  "cond_regularized/FP8/kappa_adapt": 1304.4910068406425,
  "cond_regularized/FP4/simple_pt": 1302.9495270459004,
  "cond_regularized/FP4/simple_pc": 1281.8129373464674,
  "cond_regularized/FP4/gptq": 1320.2063224574092,
  "cond_regularized/FP4/mixed": 1317.2952146710522,
  "cond_regularized/FP4/adaptive": 1293.7086773214105,
  "cond_regularized/FP4/kappa_adapt": 1282.4260052405075
}